file,variable,units,description
bec_economic_capital.csv,rssd_id,integer,Federal Reserve RSSD ID of the bank (the Call Report filer).
bec_economic_capital.csv,bank_name,text,Bank name from the Federal Reserve's National Information Center; for banks that later reorganized it may be the successor's name.
bec_economic_capital.csv,quarter,YYYYQn,Reporting quarter.
bec_economic_capital.csv,date,YYYY-MM-DD,Quarter-end date.
bec_economic_capital.csv,total_assets,$ thousands,"Total assets (book), as reported."
bec_economic_capital.csv,ec,$ thousands,Economic capital: present value of assets minus present value of liabilities (pv_assets - pv_liabilities).
bec_economic_capital.csv,ec_pct_assets,percent,ec as a percent of total_assets.
bec_economic_capital.csv,rec,$ thousands,Run economic capital (R-EC): present value of assets minus present value of liabilities when uninsured deposits run and are replaced at market rates (pv_assets - pv_liabilities_run).
bec_economic_capital.csv,rec_pct_assets,percent,rec as a percent of total_assets.
bec_economic_capital.csv,pv_assets,$ thousands,Present value of assets = pv_loans + pv_securities + pv_cash_short_term + pv_other_financial_assets + other_assets_book. Loans are discounted at the bank's own credit spread (bank-specific risk premium); the headline specification of the paper.
bec_economic_capital.csv,pv_loans,$ thousands,"Present value of loans and leases net of the allowance, from reported maturity/repricing schedules and prepayment behavior, discounted at the bank's own credit spread (a bank-specific risk premium over the benchmark curve)."
bec_economic_capital.csv,pv_securities,$ thousands,"Present value of investment securities (held-to-maturity, available-for-sale and equity securities)."
bec_economic_capital.csv,pv_cash_short_term,$ thousands,"Floating or very short assets taken at book: interest-bearing balances, fed funds sold and reverse repos, accrued interest, interest-only strips."
bec_economic_capital.csv,pv_other_financial_assets,$ thousands,"Other financial assets at fair value: trading assets, other real estate owned, net deferred tax assets, derivatives with a positive fair value."
bec_economic_capital.csv,other_assets_book,$ thousands,"Other assets at book: noninterest-bearing balances and cash, premises, investments in unconsolidated subsidiaries and real estate ventures, servicing assets (fair value), life insurance and other assets. Excludes intangibles."
bec_economic_capital.csv,pv_liabilities,$ thousands,Present value of liabilities = pv_demand_deposits + pv_time_deposits + pv_other_borrowed + pv_subordinated_debt + pv_noninterest_expense + other_financial_liabilities + other_liabilities_book.
bec_economic_capital.csv,pv_liabilities_run,$ thousands,Present value of liabilities under the run scenario: as pv_liabilities with pv_demand_deposits_run in place of pv_demand_deposits.
bec_economic_capital.csv,pv_demand_deposits,$ thousands,"Present value of non-time (demand, savings, MMDA, NOW) deposits, domestic and foreign, from the predicted deposit betas (bec_deposit_betas.csv: beta_dom_pred, beta_for_pred) over a 5-year horizon with a terminal value."
bec_economic_capital.csv,pv_demand_deposits_run,$ thousands,"Present value of non-time deposits under the run scenario: uninsured deposits withdraw and are replaced at market rates (bec_deposit_betas.csv: beta_dom_pred_stress, beta_for_pred_stress)."
bec_economic_capital.csv,pv_time_deposits,$ thousands,"Present value of time deposits from reported maturity buckets, discounted at the industry credit spread."
bec_economic_capital.csv,pv_other_borrowed,$ thousands,Present value of other borrowed money (including FHLB advances) from reported maturity buckets.
bec_economic_capital.csv,pv_subordinated_debt,$ thousands,Present value of subordinated notes and debentures.
bec_economic_capital.csv,pv_noninterest_expense,$ thousands,"Present value of the operating (noninterest) expenses necessary to maintain the bank's balance sheet, from a hedonic cost model; fee businesses are excluded with their income. 5-year horizon."
bec_economic_capital.csv,other_financial_liabilities,$ thousands,"Fed funds purchased and repos, trading liabilities and net deferred tax liabilities, at book/fair value."
bec_economic_capital.csv,other_liabilities_book,$ thousands,Remaining other liabilities at book.
bec_economic_capital.csv,book_loans,$ thousands,"Book loans and leases net of the allowance, plus loans held for sale."
bec_economic_capital.csv,book_securities,$ thousands,"Book investment securities: held-to-maturity (amortized cost), available-for-sale (fair value) and equity securities."
bec_economic_capital.csv,book_nontime_deposits,$ thousands,"Book non-time deposits, domestic plus foreign offices (the balances pv_demand_deposits values)."
bec_economic_capital.csv,book_time_deposits,$ thousands,Book time deposits.
bec_economic_capital.csv,book_other_borrowed,$ thousands,Book other borrowed money.
bec_economic_capital.csv,book_subordinated_debt,$ thousands,Book subordinated notes and debentures.
bec_deposit_betas.csv,rssd_id,integer,Federal Reserve RSSD ID of the bank (the Call Report filer).
bec_deposit_betas.csv,bank_name,text,Bank name from the Federal Reserve's National Information Center; for banks that later reorganized it may be the successor's name.
bec_deposit_betas.csv,quarter,YYYYQn,Reporting quarter.
bec_deposit_betas.csv,date,YYYY-MM-DD,Quarter-end date.
bec_deposit_betas.csv,beta_dom_pred,percent,"Predicted deposit beta, domestic non-time deposits: the share of a change in market rates passed through to deposit rates, from bank characteristics (hedonic model over past tightening cycles). Values pv_demand_deposits."
bec_deposit_betas.csv,beta_for_pred,percent,"Predicted deposit beta, foreign-office non-time deposits (banks with foreign offices only). Values pv_demand_deposits."
bec_deposit_betas.csv,beta_dom_pred_stress,percent,Predicted domestic deposit beta under the run scenario: uninsured deposits reprice fully at market rates (beta 100) while insured deposits keep beta_dom_pred; the blend values pv_demand_deposits_run and so R-EC.
bec_deposit_betas.csv,beta_for_pred_stress,percent,Predicted foreign-office deposit beta under the run scenario (foreign-office deposits are uninsured); values pv_demand_deposits_run and so R-EC.
bec_deposit_betas.csv,domestic_nontime_deposits,$ thousands,Book domestic non-time deposits (the balance beta_dom_pred applies to).
bec_deposit_betas.csv,foreign_nontime_deposits,$ thousands,Book foreign-office non-time deposits (the balance beta_for_pred applies to).
